V,n2kdoogy,249148095
чид,television4ider,262661149
Remax,Re1axYolo,681101149
Adik Snorkovsky,snorkovsky,5626243403
Маршал,russianruletkickbot,7540561391
Александр,sssssaaaaanya,7187106984
Владислав,VladislavZili,673615097
Хатика,hatiko1945,6406678003
клавус,eto312,5879895575
Denis,denis_maestrox,864666063
Daenas,Da18334,600875755
Владик,yorlseft227,6443757214
Майерс,,1418951697
Данил,Strapony2k,7509921283
Metadodic,metadodic,1468678689
Vladislav,bu639,158524176
Stephen0,Stephen9810,1733090271
Даниил,AssAssIn4eg,952349944
Q C,qlknd,774579781
Максим,ss_max,350712573
Дмитрий Широнин,leshiyronin,249717672
.,,5163549672
Gary,garypoxer,5868211877
Lada Dern,mrroomerz,6305813674
katsuragi,katsuragimis,930111831
Arkadii,arkash_a,222678772
Gena,Genakus,5493754857
Hokol,Akameeeui,5887327924
Чемодан,biggmekk,864025711
.,,988110070
Rain of Tears,,2044299623
Данил,,350681829
Упаковка,PingraDerp,181182876
